<?xml version="1.0" encoding="UTF-8" ?>
<!--
    Licensed to the Apache Software Foundation (ASF) under one or more
    contributor license agreements.  See the NOTICE file distributed with
    this work for additional information regarding copyright ownership.
    The ASF licenses this file to You under the Apache License, Version 2.0
    (the "License"); you may not use this file except in compliance with
    the License.  You may obtain a copy of the License at
   
    http://www.apache.org/licenses/LICENSE-2.0
   
    Unless required by applicable law or agreed to in writing, software
    distributed under the License is distributed on an "AS IS" BASIS,
    WITHOUT WARRANTIES OR CONDITIONS OF ANY KIND, either express or implied.
    See the License for the specific language governing permissions and
    limitations under the License.
-->
<beans xmlns="http://www.springframework.org/schema/beans" xmlns:xsi="http://www.w3.org/2001/XMLSchema-instance"
       xmlns:aop="http://www.springframework.org/schema/aop"
       xsi:schemaLocation="http://www.springframework.org/schema/beans http://www.springframework.org/schema/beans/spring-beans-2.0.xsd
                           http://www.springframework.org/schema/aop http://www.springframework.org/schema/aop/spring-aop-2.0.xsd">

  <bean id="placeholderConfig" class="org.springframework.beans.factory.config.PropertyPlaceholderConfigurer" />
  
  
  <bean id="sessionPool" class="org.apache.activemq.web.SessionPool">
  	<property name="connectionFactory" ref="connectionFactory"/>
  </bean>

  <bean id="brokerRegistry" class="org.apache.activemq.broker.BrokerRegistry" factory-method="getInstance"/>
  <bean id="brokerService" factory-bean="brokerRegistry" factory-method="findFirst"/>
  <bean id="brokerURL" factory-bean="brokerService" factory-method="getVmConnectorURI"/>

  <bean id="connectionFactory" class="org.apache.activemq.ActiveMQConnectionFactory">
    <constructor-arg ref="brokerURL"/>
  </bean>

  <bean id="brokerQuery" class="org.apache.activemq.web.LocalBrokerFacade" autowire="constructor" scope="prototype"/>

  <bean id="queueBrowser" class="org.apache.activemq.web.QueueBrowseQuery" autowire="constructor" destroy-method="destroy" scope="request"/>
  <bean id="messageQuery" class="org.apache.activemq.web.MessageQuery" autowire="constructor" destroy-method="destroy" scope="request"/>

</beans>
